timestamp,m_lat,m_lon,l_lat,l_lon,x,y,z,std,rssi0,rssi1,rssi2,rssi3,nsd0,nsd1,nsd2,nsd3,x_r,y_r,z_r,std_r,rssi0_r,rssi1_r,rssi2_r,rssi3_r,nsd0_r,nsd1_r,nsd2_r,nsd3_r
2026-05-21T08:39:51.432182,-20.93480667,55.28929167,-20.93486026,55.28934635,6.99,4.43,1.41,3,-113.60966492,-115.40894318,-116.60282135,-118.38195038,-96.86888123,-99.69974518,-98.60068512,-97.46057129,6.99,4.43,1.41,3,-113.60966492,-115.40894318,-116.60282135,-118.38195038,-96.86888123,-99.69974518,-98.60068512,-97.46057129
2026-05-21T08:39:52.469114,-20.93480667,55.28929167,-20.93485725,55.28934875,6.98,4.37,1.36,2,-59.27280045,-63.27592087,-54.987957,-60.35080719,-100.43045807,-100.42021179,-98.38347626,-99.42731476,6.98,4.37,1.36,2,-59.27280045,-63.27592087,-54.987957,-60.35080719,-100.43045807,-100.42021179,-98.38347626,-99.42731476
2026-05-21T08:39:53.511833,-20.93480667,55.28929167,-20.93485774,55.28934795,6.72,4.73,1.36,2,-58.23480225,-60.70199203,-57.57474899,-59.29547501,-92.48329926,-91.96733093,-94.64677429,-92.68299103,6.72,4.73,1.36,2,-58.23480225,-60.70199203,-57.57474899,-59.29547501,-92.48329926,-91.96733093,-94.64677429,-92.68299103
2026-05-21T08:39:54.596401,-20.93480667,55.28929167,-20.93485864,55.28934811,6.71,4.85,1.36,2,-58.51799393,-59.34879303,-55.52997589,-59.8907814,-101.6530838,-103.08794403,-101.38198853,-102.80931854,6.71,4.85,1.36,2,-58.51799393,-59.34879303,-55.52997589,-59.8907814,-101.6530838,-103.08794403,-101.38198853,-102.80931854
2026-05-21T08:39:55.718027,-20.93480667,55.28929167,-20.93485999,55.28934715,6.66,4.84,1.36,1,-58.06555939,-61.0897522,-57.79853058,-59.54537201,-102.81054688,-102.56851959,-101.62651062,-103.2724762,6.66,4.84,1.36,1,-58.06555939,-61.0897522,-57.79853058,-59.54537201,-102.81054688,-102.56851959,-101.62651062,-103.2724762
2026-05-21T08:39:56.757971,-20.93480667,55.28929333,-20.93486149,55.28934648,6.77,4.92,1.13,3,-115.63424683,-116.60515594,-111.16854095,-113.23641205,-101.15539551,-102.29924011,-101.29354095,-102.70137024,6.77,4.92,1.13,3,-115.63424683,-116.60515594,-111.16854095,-113.23641205,-101.15539551,-102.29924011,-101.29354095,-102.70137024
2026-05-21T08:39:57.817808,-20.93480667,55.28929333,-20.93486444,55.28934463,6.74,4.9,1.17,2,-60.22534943,-63.39709473,-54.83688354,-59.38369751,-96.72042847,-96.71955109,-97.28923798,-94.37836456,6.74,4.9,1.17,2,-60.22534943,-63.39709473,-54.83688354,-59.38369751,-96.72042847,-96.71955109,-97.28923798,-94.37836456
2026-05-21T08:39:58.872072,-20.93480667,55.28929333,-20.93486348,55.28934491,6.87,4.64,1.41,2,-59.10743713,-61.1711731,-57.07566452,-59.34759521,-101.99878693,-101.99353027,-101.50866699,-102.95199585,6.87,4.64,1.41,2,-59.10743713,-61.1711731,-57.07566452,-59.34759521,-101.99878693,-101.99353027,-101.50866699,-102.95199585
2026-05-21T08:39:59.923388,-20.93480667,55.28929333,-20.93486145,55.28934683,7.04,4.46,1.4,2,-59.76443863,-61.5596199,-57.3064537,-58.06940842,-102.621521,-103.36533356,-102.16823578,-102.99907684,7.04,4.46,1.4,2,-59.76443863,-61.5596199,-57.3064537,-58.06940842,-102.621521,-103.36533356,-102.16823578,-102.99907684
2026-05-21T08:40:00.969179,-20.93480667,55.28929333,-20.93486043,55.28934777,7.11,4.33,1.36,2,-59.29172134,-62.90187073,-57.51857376,-58.582901,-101.24388885,-101.4985199,-100.37400055,-101.03053284,7.11,4.33,1.36,2,-59.29172134,-62.90187073,-57.51857376,-58.582901,-101.24388885,-101.4985199,-100.37400055,-101.03053284
2026-05-21T08:40:02.016676,-20.93480667,55.28929333,-20.93486096,55.28934753,7.06,4.34,1.41,3,-60.54841614,-61.26668549,-56.13622665,-58.74168777,-101.95915222,-103.1435318,-101.46511078,-103.42737579,7.06,4.34,1.41,3,-60.54841614,-61.26668549,-56.13622665,-58.74168777,-101.95915222,-103.1435318,-101.46511078,-103.42737579
2026-05-21T08:40:03.070689,63.442925,10.42398667,21.41711753,14.49373817,6.76,4.2,1.32,3,-59.55831146,-61.62640381,-55.88357925,-59.4475975,-102.1996994,-103.10087585,-101.2718811,-103.41049957,6.76,4.2,1.32,3,-59.55831146,-61.62640381,-55.88357925,-59.4475975,-102.1996994,-103.10087585,-101.2718811,-103.41049957
2026-05-21T08:40:04.126172,-20.93480667,55.28929333,-2.80214747,21.27350138,6.95,4.33,1.41,2,-60.50033188,-61.16301727,-55.64345932,-59.65000916,-101.19302368,-102.59700012,-101.83035278,-102.59282684,6.95,4.33,1.41,2,-60.50033188,-61.16301727,-55.64345932,-59.65000916,-101.19302368,-102.59700012,-101.83035278,-102.59282684
2026-05-21T08:40:05.184604,-20.93480833,55.28929333,-12.20427866,31.55382799,7.02,4.38,1.46,3,-61.56929016,-61.58828735,-58.22068405,-60.2775383,-101.8716507,-102.87761688,-101.02104187,-102.73577118,7.02,4.38,1.46,3,-61.56929016,-61.58828735,-58.22068405,-60.2775383,-101.8716507,-102.87761688,-101.02104187,-102.73577118
2026-05-21T08:40:06.248485,-20.93480833,55.28929333,-17.1263741,42.86991474,9.24,0.17,1.6,2,-60.98327255,-60.91415024,-56.32183075,-60.13643265,-100.37274933,-100.82897186,-100.59325409,-101.19380188,9.24,0.17,1.6,2,-60.98327255,-60.91415024,-56.32183075,-60.13643265,-100.37274933,-100.82897186,-100.59325409,-101.19380188
2026-05-21T08:40:07.311933,-20.93480833,55.28929333,-19.76340391,49.40457318,8.18,-2.34,1.46,3,-59.65496826,-61.43796921,-56.11846161,-61.64389038,-98.15797424,-98.23736572,-97.53703308,-98.67185974,8.18,-2.34,1.46,3,-59.65496826,-61.43796921,-56.11846161,-61.64389038,-98.15797424,-98.23736572,-97.53703308,-98.67185974
2026-05-21T08:40:08.351401,-20.93480833,55.28929333,-20.47301089,51.43724568,7.6,-3.2,1.46,3,-59.68027496,-61.53128052,-56.64510345,-60.65135956,-102.28328705,-102.47021484,-101.86061096,-102.61203766,7.6,-3.2,1.46,3,-59.68027496,-61.53128052,-56.64510345,-60.65135956,-102.28328705,-102.47021484,-101.86061096,-102.61203766
2026-05-21T08:40:09.401432,-20.93480833,55.289295,-20.40385359,52.8608463,8.53,1.59,1.6,2,-59.85515594,-61.5349617,-55.58899689,-60.9106636,-101.6431427,-102.19606018,-100.74526978,-101.95653534,8.53,1.59,1.6,2,-59.85515594,-61.5349617,-55.58899689,-60.9106636,-101.6431427,-102.19606018,-100.74526978,-101.95653534
2026-05-21T08:40:10.457055,-20.93480833,55.289295,-20.63758874,54.09531459,7.58,3.38,1.6,3,-61.95565033,-62.36803055,-56.13105392,-60.45482635,-102.60218048,-102.63769531,-101.73416901,-102.94887543,7.58,3.38,1.6,3,-61.95565033,-62.36803055,-56.13105392,-60.45482635,-102.60218048,-102.63769531,-101.73416901,-102.94887543
2026-05-21T08:40:11.547124,-20.93480833,55.289295,-20.73401354,54.54290097,7.42,3.7,1.6,3,-61.15383911,-62.13188934,-56.68425369,-60.58125305,-95.99981689,-94.91748047,-95.59254456,-93.73236084,7.42,3.7,1.6,3,-61.15383911,-62.13188934,-56.68425369,-60.58125305,-95.99981689,-94.91748047,-95.59254456,-93.73236084
2026-05-21T08:40:12.605134,-20.93480833,55.289295,-20.89238439,54.96915871,8.67,-1.34,1.6,2,-59.52997589,-61.40665436,-58.45668411,-59.52172852,-102.25774384,-102.55984497,-100.48371124,-102.02980042,8.67,-1.34,1.6,2,-59.52997589,-61.40665436,-58.45668411,-59.52172852,-102.25774384,-102.55984497,-100.48371124,-102.02980042
2026-05-21T08:40:13.714584,-20.93481,55.28929333,-20.88739369,55.05280496,8.65,1.34,1.41,2,-59.42775726,-61.88011551,-58.59151077,-59.18688965,-98.05001831,-100.19773102,-98.45530701,-98.72259521,8.65,1.34,1.41,2,-59.42775726,-61.88011551,-58.59151077,-59.18688965,-98.05001831,-100.19773102,-98.45530701,-98.72259521
2026-05-21T08:40:14.790292,-20.93481,55.289295,-20.9107726,55.16310264,7.45,3.78,1.32,2,-59.098526,-63.45516968,-57.43791962,-61.15044403,-84.61842346,-83.90917206,-86.26752472,-84.27913666,7.45,3.78,1.32,2,-59.098526,-63.45516968,-57.43791962,-61.15044403,-84.61842346,-83.90917206,-86.26752472,-84.27913666
2026-05-21T08:40:15.841270,-20.93481,55.289295,-20.92511458,55.22373476,6.9,4.66,1.18,2,-59.15306473,-61.32858276,-56.57403946,-62.82043457,-91.60133362,-91.51747894,-92.32087708,-93.62892151,6.9,4.66,1.18,2,-59.15306473,-61.32858276,-56.57403946,-62.82043457,-91.60133362,-91.51747894,-92.32087708,-93.62892151
2026-05-21T08:40:16.931329,-20.93481,55.289295,-20.93141922,55.26341024,6.72,4.83,1.22,2,-59.52148438,-63.80209351,-56.16937256,-61.99249268,-99.42158508,-99.51970673,-99.55966949,-96.97953033,6.68,4.83,1.36,2,-58.70161819,-61.56605148,-57.19247055,-59.77156448,-82.0508728,-83.02272034,-84.10934448,-81.87363434
2026-05-21T08:40:18.041323,-20.93481,55.289295,-20.93277001,55.27493238,6.74,4.89,1.82,2,-59.41910553,-60.24582291,-55.21857452,-59.60860825,-102.43308258,-102.22538757,-101.6808548,-103.18721008,6.74,4.89,1.82,2,-59.41910553,-60.24582291,-55.21857452,-59.60860825,-102.43308258,-102.22538757,-101.6808548,-103.18721008
2026-05-21T08:40:19.098003,-20.93481,55.289295,-20.9334617,55.27940736,6.78,4.92,1.83,2,-59.15639114,-60.44703293,-57.23532104,-59.32461929,-92.10782623,-88.95859528,-87.00093079,-91.16848755,6.78,4.92,1.83,2,-59.15639114,-60.44703293,-57.23532104,-59.32461929,-92.10782623,-88.95859528,-87.00093079,-91.16848755
2026-05-21T08:40:20.148985,-20.93481,55.289295,-20.93425538,55.28435476,6.7,4.87,1.37,2,-59.15496445,-60.34803009,-56.55384827,-59.22958755,-100.02267456,-100.32232666,-99.59564209,-98.94718933,6.7,4.87,1.37,2,-59.15496445,-60.34803009,-56.55384827,-59.22958755,-100.02267456,-100.32232666,-99.59564209,-98.94718933
2026-05-21T08:40:21.216011,-20.93481167,55.289295,-20.93461406,55.28680746,6.7,4.87,1.36,1,-60.00030136,-60.01076126,-58.76316071,-60.74655533,-99.32479858,-99.91925049,-99.87395477,-100.33337402,6.7,4.87,1.36,1,-60.00030136,-60.01076126,-58.76316071,-60.74655533,-99.32479858,-99.91925049,-99.87395477,-100.33337402
2026-05-21T08:40:22.280279,-20.93481167,55.28929333,-20.93474416,55.28803436,6.74,4.89,1.36,1,-58.58566666,-59.43259048,-56.89867401,-59.85696411,-100.86257172,-100.2013855,-100.15657043,-100.81655884,6.74,4.89,1.36,1,-58.58566666,-59.43259048,-56.89867401,-59.85696411,-100.86257172,-100.2013855,-100.15657043,-100.81655884
2026-05-21T08:40:23.328350,-20.93481167,55.289295,-20.93480336,55.28866127,6.58,5.03,1.27,1,-59.04000092,-61.78860474,-58.01841736,-62.1415596,-100.7989502,-101.27923584,-99.95057678,-101.43114471,6.58,5.03,1.27,1,-59.04000092,-61.78860474,-58.01841736,-62.1415596,-100.7989502,-101.27923584,-99.95057678,-101.43114471
2026-05-21T08:40:24.398653,-20.93481167,55.289295,-20.93482543,55.28885107,6.45,5.27,1.27,2,-116.58661652,-117.61946869,-116.64450836,-117.93747711,-100.85387421,-100.98622894,-100.46465302,-100.92591858,6.45,5.27,1.27,2,-116.58661652,-117.61946869,-116.64450836,-117.93747711,-100.85387421,-100.98622894,-100.46465302,-100.92591858
2026-05-21T08:40:25.438113,-20.93481167,55.289295,-20.93484945,55.28915685,6.32,5.3,1.27,2,-62.21409607,-61.82226944,-52.91617203,-59.28806686,-95.71195221,-96.65477753,-95.59682465,-96.43387604,6.32,5.3,1.27,2,-62.21409607,-61.82226944,-52.91617203,-59.28806686,-95.71195221,-96.65477753,-95.59682465,-96.43387604
2026-05-21T08:40:26.487215,-20.93481167,55.289295,-20.934851,55.28923143,6.63,4.98,1.55,2,-60.90422821,-63.20005798,-57.29871368,-60.85864639,-102.32263184,-103.09319305,-102,-103.25899506,6.63,4.98,1.55,2,-60.90422821,-63.20005798,-57.29871368,-60.85864639,-102.32263184,-103.09319305,-102,-103.25899506
2026-05-21T08:40:27.556865,-20.93481167,55.289295,-20.9348533,55.2892786,6.87,4.48,1.83,2,-61.48135376,-62.36175919,-58.59720993,-59.37376404,-102.34432983,-103.40899658,-101.9642334,-102.85466003,6.87,4.48,1.83,2,-61.48135376,-62.36175919,-58.59720993,-59.37376404,-102.34432983,-103.40899658,-101.9642334,-102.85466003
2026-05-21T08:40:28.626526,-20.93481,55.289295,-20.9348563,55.28930772,7.1,4.26,1.41,2,-60.37031937,-62.49224472,-57.22444534,-59.40694427,-101.37493896,-102.5914917,-101.3241806,-102.43138885,7.1,4.26,1.41,2,-60.37031937,-62.49224472,-57.22444534,-59.40694427,-101.37493896,-102.5914917,-101.3241806,-102.43138885
2026-05-21T08:40:29.672725,-20.93481167,55.289295,-20.93485722,55.28931695,7.17,4.24,1.36,3,-114.54821777,-117.62652588,-114.8983078,-117.08065796,-101.61340332,-102.60974121,-100.84797668,-101.12882996,7.17,4.24,1.36,3,-114.54821777,-117.62652588,-114.8983078,-117.08065796,-101.61340332,-102.60974121,-100.84797668,-101.12882996
2026-05-21T08:40:30.752097,-20.93481167,55.289295,-20.93485782,55.28932724,7.23,4.05,1.6,3,-59.97596359,-63.14797211,-56.82818222,-59.6263237,-102.40588379,-103.46746063,-102.32800293,-103.98828125,7.23,4.05,1.6,3,-59.97596359,-63.14797211,-56.82818222,-59.6263237,-102.40588379,-103.46746063,-102.32800293,-103.98828125
2026-05-21T08:40:31.927338,-20.93481167,55.289295,-20.93486067,55.28934253,7.29,3.94,1.79,2,-60.30443573,-60.85766602,-54.71368027,-58.73940277,-101.33074951,-101.71936035,-101.12566376,-102.13327789,7.29,3.94,1.79,2,-60.30443573,-60.85766602,-54.71368027,-58.73940277,-101.33074951,-101.71936035,-101.12566376,-102.13327789
2026-05-21T08:40:33.053048,-20.93481167,55.289295,-20.93486161,55.28934701,7.31,3.9,1.79,2,-61.17715073,-61.79610062,-55.47453308,-58.51792145,-102.43736267,-103.03787231,-101.45826721,-103.51941681,7.31,3.9,1.79,2,-61.17715073,-61.79610062,-55.47453308,-58.51792145,-102.43736267,-103.03787231,-101.45826721,-103.51941681
2026-05-21T08:40:34.125898,-20.93481167,55.28929333,-20.93487413,55.28935768,7.32,3.89,1.79,2,-61.48493195,-61.39686584,-56.25347137,-60.07515717,-96.54138947,-98.07133484,-97.61210632,-98.80044556,7.32,3.89,1.79,2,-61.48493195,-61.39686584,-56.25347137,-60.07515717,-96.54138947,-98.07133484,-97.61210632,-98.80044556
2026-05-21T08:40:35.185181,-20.93481167,55.28929333,-20.93487083,55.28935398,7.23,4.15,1.31,3,-59.64108658,-61.97211456,-55.81214142,-59.38040161,-98.52126312,-100.40908051,-100.15678406,-100.02710724,7.23,4.15,1.31,3,-59.64108658,-61.97211456,-55.81214142,-59.38040161,-98.52126312,-100.40908051,-100.15678406,-100.02710724
2026-05-21T08:40:36.229418,-20.93481167,55.28929333,-20.93487075,55.28935197,7.23,4.24,1.36,3,-60.08356857,-62.40982819,-56.64547348,-60.35433197,-102.43733215,-102.80739594,-101.72996521,-102.88721466,7.23,4.24,1.36,3,-60.08356857,-62.40982819,-56.64547348,-60.35433197,-102.43733215,-102.80739594,-101.72996521,-102.88721466
2026-05-21T08:40:37.284367,-20.93481167,55.28929333,-20.93486951,55.2893495,7.29,4.12,1.55,3,-60.44680786,-62.83860397,-58.10225296,-60.8603096,-100.89667511,-98.5178833,-98.52497101,-99.89377594,7.29,4.12,1.55,3,-60.44680786,-62.83860397,-58.10225296,-60.8603096,-100.89667511,-98.5178833,-98.52497101,-99.89377594
2026-05-21T08:40:38.416048,-20.93481,55.28929333,-20.93483343,55.28935525,8.6,-1.92,1.37,2,-60.20322418,-60.88769531,-58.28076935,-61.03458023,-103.31336975,-103.44638824,-101.92967224,-104.00740814,8.6,-1.92,1.37,2,-60.20322418,-60.88769531,-58.28076935,-61.03458023,-103.31336975,-103.44638824,-101.92967224,-104.00740814
2026-05-21T08:40:39.454997,-20.93481,55.28929333,-20.93480786,55.28936528,7.3,-4.05,1.59,2,-60.32576752,-59.83771896,-58.4643898,-61.43234253,-93.14539337,-96.01803589,-92.76489258,-94.64990997,7.3,-4.05,1.59,2,-60.32576752,-59.83771896,-58.4643898,-61.43234253,-93.14539337,-96.01803589,-92.76489258,-94.64990997
2026-05-21T08:40:40.533926,-20.93481,55.28929333,-20.93480278,55.28936865,7.04,-4.38,1.79,2,-60.38759995,-59.4718399,-56.51107025,-60.59596634,-102.47499847,-101.5555954,-101.70137024,-102.89350891,7.04,-4.38,1.79,2,-60.38759995,-59.4718399,-56.51107025,-60.59596634,-102.47499847,-101.5555954,-101.70137024,-102.89350891
2026-05-21T08:40:41.590875,-20.93481,55.28929333,-20.93480197,55.28936993,6.98,-4.46,1.6,2,-60.57999802,-59.69976807,-56.98091125,-60.49660492,-85.32015991,-85.75588226,-82.11209106,-83.96472931,6.98,-4.46,1.6,2,-60.57999802,-59.69976807,-56.98091125,-60.49660492,-85.32015991,-85.75588226,-82.11209106,-83.96472931
2026-05-21T08:40:42.668582,-20.93481,55.28929333,-20.93479917,55.28937077,6.72,-4.76,1.36,2,-61.41410065,-60.56892395,-56.74383163,-60.15727234,-102.41280365,-102.27043915,-101.75608826,-103.22294617,6.72,-4.76,1.36,2,-61.41410065,-60.56892395,-56.74383163,-60.15727234,-102.41280365,-102.27043915,-101.75608826,-103.22294617
2026-05-21T08:40:43.726891,-20.93481,55.28929333,-20.93480108,55.28937146,6.89,-4.52,1.4,2,-62.0492897,-61.11408997,-56.29106522,-60.57968521,-102.94015503,-102.90652466,-102.08172607,-103.49868011,6.89,-4.52,1.4,2,-62.0492897,-61.11408997,-56.29106522,-60.57968521,-102.94015503,-102.90652466,-102.08172607,-103.49868011
2026-05-21T08:40:44.767107,-20.93481,55.28929333,-20.93480047,55.28937176,6.69,-4.81,1.36,1,-59.76644516,-60.31629562,-55.94322968,-60.37056732,-92.23567963,-93.8245697,-91.65333557,-93.13254547,6.69,-4.81,1.36,1,-59.76644516,-60.31629562,-55.94322968,-60.37056732,-92.23567963,-93.8245697,-91.65333557,-93.13254547
2026-05-21T08:40:45.831961,-20.93481,55.28929333,-20.93480195,55.28937244,6.74,-4.89,1.19,1,-59.46189117,-59.92139435,-55.69225311,-58.78024292,-102.83314514,-102.91809845,-102.78933716,-102.92176056,6.74,-4.89,1.19,1,-59.46189117,-59.92139435,-55.69225311,-58.78024292,-102.83314514,-102.91809845,-102.78933716,-102.92176056
2026-05-21T08:40:46.883694,-20.93481,55.28929333,-20.93480332,55.28937283,6.78,-4.92,1.82,2,-115.70496368,-118.01200104,-116.85565186,-119.32548523,-101.52132416,-102.04922485,-102.29970551,-102.79073334,6.78,-4.92,1.82,2,-115.70496368,-118.01200104,-116.85565186,-119.32548523,-101.52132416,-102.04922485,-102.29970551,-102.79073334
2026-05-21T08:40:47.946725,-20.93481,55.28929333,-20.93480354,55.28937351,6.43,-5.38,1.22,1,-59.164711,-59.82846069,-58.94852448,-60.52099228,-100.98387146,-101.38201141,-100.19194031,-99.40686798,6.43,-5.38,1.22,1,-59.164711,-59.82846069,-58.94852448,-60.52099228,-100.98387146,-101.38201141,-100.19194031,-99.40686798
2026-05-21T08:40:49.013694,-20.93481,55.28929333,-20.93480422,55.28937364,6.34,-5.48,1.32,1,-60.96292877,-60.62011719,-58.39756393,-58.14252853,-100.63209534,-101.62104797,-99.81855774,-101.85655975,6.34,-5.48,1.32,1,-60.96292877,-60.62011719,-58.39756393,-58.14252853,-100.63209534,-101.62104797,-99.81855774,-101.85655975
2026-05-21T08:40:50.062331,-20.93481,55.28929333,-20.93480447,55.28937385,6.27,-5.64,1.31,1,-59.01519775,-59.17025375,-59.47171402,-60.8300972,-97.5107193,-100.87017059,-99.62016296,-99.7066803,6.27,-5.64,1.31,1,-59.01519775,-59.17025375,-59.47171402,-60.8300972,-97.5107193,-100.87017059,-99.62016296,-99.7066803
2026-05-21T08:40:51.107764,-20.93481,55.28929333,-20.93480158,55.28937369,5.64,-6.2,1.32,1,-58.83537674,-59.48878479,-60.91754532,-60.40227509,-95.7088623,-97.12123871,-97.06381226,-93.34729004,5.64,-6.2,1.32,1,-58.83537674,-59.48878479,-60.91754532,-60.40227509,-95.7088623,-97.12123871,-97.06381226,-93.34729004
2026-05-21T08:40:52.177170,-20.93481,55.28929167,-20.93480279,55.28937385,5.84,-6.08,1.36,2,-115.95972443,-114.74880219,-114.67337036,-118.5954895,-94.2720108,-93.03405762,-93.61454773,-96.050354,5.84,-6.08,1.36,2,-115.95972443,-114.74880219,-114.67337036,-118.5954895,-94.2720108,-93.03405762,-93.61454773,-96.050354
2026-05-21T08:40:53.242662,-20.93480833,55.28929167,-20.93480325,55.28937331,5.67,-6.3,1.27,1,-60.87718201,-59.10154724,-60.48094177,-58.79055405,-97.41147614,-98.49067688,-97.06620789,-100.49655151,5.67,-6.3,1.27,1,-60.87718201,-59.10154724,-60.48094177,-58.79055405,-97.41147614,-98.49067688,-97.06620789,-100.49655151
2026-05-21T08:40:54.289185,-20.93480833,55.28929167,-20.93480277,55.28937297,5.45,-6.49,1.36,1,-58.41503143,-59.61149597,-61.41062927,-61.22006989,-100.99854279,-101.54468536,-101.24810028,-101.60600281,5.45,-6.49,1.36,1,-58.41503143,-59.61149597,-61.41062927,-61.22006989,-100.99854279,-101.54468536,-101.24810028,-101.60600281
2026-05-21T08:40:55.336967,-20.93480833,55.28929167,-20.93480235,55.28937265,5.31,-6.55,1.74,0,-59.37659073,-59.05454636,-62.90704727,-60.57435608,-102.01093292,-102.16319275,-101.65104675,-102.5692749,5.31,-6.55,1.74,0,-59.37659073,-59.05454636,-62.90704727,-60.57435608,-102.01093292,-102.16319275,-101.65104675,-102.5692749
2026-05-21T08:40:56.392679,-20.93480833,55.28929167,-20.93479953,55.28937262,4.99,-6.86,1.27,0,-60.02635574,-58.76607895,-61.58264923,-59.22013855,-102.48834991,-103.36219788,-101.51947021,-103.28681946,4.99,-6.86,1.27,0,-60.02635574,-58.76607895,-61.58264923,-59.22013855,-102.48834991,-103.36219788,-101.51947021,-103.28681946
2026-05-21T08:40:57.431258,-20.93480833,55.28929167,-20.93479877,55.2893726,4.98,-6.86,1.27,0,-59.4839592,-58.97202682,-61.24568558,-58.50706482,-102.59133148,-103.1122818,-102.04942322,-103.31455994,4.98,-6.86,1.27,0,-59.4839592,-58.97202682,-61.24568558,-58.50706482,-102.59133148,-103.1122818,-102.04942322,-103.31455994
2026-05-21T08:40:58.499816,-20.93480833,55.28929167,-20.93479828,55.28937257,4.99,-6.86,1.45,0,-59.03252792,-59.31006241,-62.11101151,-60.72069168,-102.5225296,-102.95596313,-101.84255219,-102.74799347,4.99,-6.86,1.45,0,-59.03252792,-59.31006241,-62.11101151,-60.72069168,-102.5225296,-102.95596313,-101.84255219,-102.74799347
2026-05-21T08:40:59.566930,-20.93480833,55.28929167,-20.93479907,55.28937263,4.98,-6.86,1.27,1,-59.40454483,-60.12257004,-62.59894943,-60.33635712,-101.85109711,-102.91585541,-101.19176483,-102.06891632,4.98,-6.86,1.27,1,-59.40454483,-60.12257004,-62.59894943,-60.33635712,-101.85109711,-102.91585541,-101.19176483,-102.06891632
2026-05-21T08:41:00.623827,-20.93480833,55.28929167,-20.93480008,55.28937269,4.96,-6.83,1.5,0,-59.08058167,-59.84091187,-61.90943527,-59.62110138,-103.13635254,-103.33740997,-102.07175446,-102.86414337,4.96,-6.83,1.5,0,-59.08058167,-59.84091187,-61.90943527,-59.62110138,-103.13635254,-103.33740997,-102.07175446,-102.86414337
2026-05-21T08:41:01.679103,-20.93480833,55.28929167,-20.93480092,55.28937276,4.96,-6.83,1.5,0,-59.75593185,-59.25247955,-62.48980331,-59.24314117,-99.39574432,-101.01997375,-98.97115326,-100.64366913,4.96,-6.83,1.5,0,-59.75593185,-59.25247955,-62.48980331,-59.24314117,-99.39574432,-101.01997375,-98.97115326,-100.64366913
2026-05-21T08:41:02.753760,-20.93480667,55.28929167,-20.93480086,55.28937313,5.01,-6.9,1.23,0,-57.8509903,-58.38409805,-62.44187927,-58.82361603,-102.09845734,-101.86575317,-102.13201904,-103.11880493,5.01,-6.9,1.23,0,-57.8509903,-58.38409805,-62.44187927,-58.82361603,-102.09845734,-101.86575317,-102.13201904,-103.11880493
2026-05-21T08:41:03.827806,-20.93480667,55.28929167,-20.93480105,55.2893731,4.99,-6.86,1.5,0,-57.98872375,-59.79367447,-61.17406464,-58.85089493,-102.17049408,-102.77373505,-101.37116241,-102.58854675,4.99,-6.86,1.5,0,-57.98872375,-59.79367447,-61.17406464,-58.85089493,-102.17049408,-102.77373505,-101.37116241,-102.58854675
2026-05-21T08:41:04.892427,-20.93480667,55.28929167,-20.93479887,55.28939125,4.99,-6.86,1.31,0,-59.67130661,-59.48044968,-62.75952911,-59.31303406,-102.56059265,-103.01185608,-102.01916504,-103.55371094,4.99,-6.86,1.31,0,-59.67130661,-59.48044968,-62.75952911,-59.31303406,-102.56059265,-103.01185608,-102.01916504,-103.55371094
2026-05-21T08:41:05.956270,-20.93480667,55.28929167,-20.93479808,55.28937797,4.74,-6.53,1.41,0,-58.56159592,-59.82597351,-60.48203659,-59.11865234,-102.20980835,-102.80335236,-102.14704132,-103.57228851,4.74,-6.53,1.41,0,-58.56159592,-59.82597351,-60.48203659,-59.11865234,-102.20980835,-102.80335236,-102.14704132,-103.57228851
2026-05-21T08:41:06.996974,-20.93480667,55.28929167,-20.93479726,55.28937487,5.02,-6.67,1.78,0,-59.78173065,-58.98851395,-60.49967194,-59.98753738,-102.83119202,-102.54217529,-101.40788269,-102.96574402,5.02,-6.67,1.78,0,-59.78173065,-58.98851395,-60.49967194,-59.98753738,-102.83119202,-102.54217529,-101.40788269,-102.96574402
2026-05-21T08:41:08.043087,-20.934805,55.28929167,-20.93479594,55.28937297,4.99,-6.62,1.83,0,-60.18759155,-61.42148209,-60.53680038,-58.44483185,-101.36560059,-101.5619278,-100.64920807,-101.70367432,4.99,-6.62,1.83,0,-60.18759155,-61.42148209,-60.53680038,-58.44483185,-101.36560059,-101.5619278,-100.64920807,-101.70367432
2026-05-21T08:41:09.112367,-20.93480667,55.28929167,-20.93479682,55.28937238,5.24,-6.48,1.51,1,-59.08493042,-58.57226562,-60.13112259,-58.20120621,-101.52316284,-101.51552582,-100.60032654,-102.43821716,5.24,-6.48,1.51,1,-59.08493042,-58.57226562,-60.13112259,-58.20120621,-101.52316284,-101.51552582,-100.60032654,-102.43821716
2026-05-21T08:41:10.167418,-20.934805,55.28929167,-20.93479613,55.28937204,5.49,-6.34,1.36,0,-58.79999161,-59.79429626,-59.77426529,-58.58709335,-102.62757111,-102.88451385,-102.06159973,-103.4434433,5.49,-6.34,1.36,0,-58.79999161,-59.79429626,-59.77426529,-58.58709335,-102.62757111,-102.88451385,-102.06159973,-103.4434433
2026-05-21T08:41:11.221146,-20.934805,55.28929167,-20.93479321,55.28937148,5.6,-6.23,1.36,1,-60.16129303,-60.25655746,-58.48252869,-60.03395081,-102.2408905,-103.10894775,-102.1318512,-103.72506714,5.6,-6.23,1.36,1,-60.16129303,-60.25655746,-58.48252869,-60.03395081,-102.2408905,-103.10894775,-102.1318512,-103.72506714
2026-05-21T08:41:12.282327,-20.934805,55.28929167,-20.93478959,55.28937078,5.6,-6.22,1.36,1,-59.35205078,-60.75859833,-57.52434921,-58.0454483,-99.35917664,-98.89190674,-99.56752777,-99.41345978,5.6,-6.22,1.36,1,-59.35205078,-60.75859833,-57.52434921,-58.0454483,-99.35917664,-98.89190674,-99.56752777,-99.41345978
2026-05-21T08:41:13.336380,-20.934805,55.28929167,-20.93478783,55.28936945,5.58,-5.99,1.6,1,-58.92602539,-59.93085861,-59.15999222,-58.98483276,-102.77832031,-103.14925385,-102.08355713,-103.60375214,5.58,-5.99,1.6,1,-58.92602539,-59.93085861,-59.15999222,-58.98483276,-102.77832031,-103.14925385,-102.08355713,-103.60375214
2026-05-21T08:41:14.389455,-20.934805,55.28929167,-20.93478661,55.28936887,5.59,-5.99,1.6,2,-111.50185394,-108.48319244,-111.5225296,-110.15436554,-101.49695587,-102.80998993,-101.98795319,-103.76596832,5.59,-5.99,1.6,2,-111.50185394,-108.48319244,-111.5225296,-110.15436554,-101.49695587,-102.80998993,-101.98795319,-103.76596832
2026-05-21T08:41:15.458500,-20.934805,55.28929167,-20.93478954,55.28936923,6.28,-5.27,1.18,2,-60.03659439,-61.02147675,-56.42582321,-60.85497284,-102.67173004,-103.44995117,-102.41378784,-103.2290802,6.28,-5.27,1.18,2,-60.03659439,-61.02147675,-56.42582321,-60.85497284,-102.67173004,-103.44995117,-102.41378784,-103.2290802
2026-05-21T08:41:16.528793,-20.934805,55.28929167,-20.93479161,55.28936957,6.56,-4.98,1.23,2,-60.3080368,-59.41569901,-55.61487961,-59.796875,-98.10629272,-98.11878967,-97.07576752,-98.67848206,6.56,-4.98,1.23,2,-60.3080368,-59.41569901,-55.61487961,-59.796875,-98.10629272,-98.11878967,-97.07576752,-98.67848206
2026-05-21T08:41:17.590051,-20.934805,55.28929167,-20.93479409,55.2893701,6.82,-4.63,1.4,2,-60.64509201,-59.50802994,-54.87778091,-60.61529541,-101.66718292,-102.33504486,-101.3208847,-101.45982361,6.82,-4.63,1.4,2,-60.64509201,-59.50802994,-54.87778091,-60.61529541,-101.66718292,-102.33504486,-101.3208847,-101.45982361
2026-05-21T08:41:18.697606,-20.934805,55.28929167,-20.93479566,55.28937038,6.95,-4.43,1.41,2,-60.40545654,-60.10502243,-55.85334396,-60.22793961,-101.95271301,-102.84843445,-101.27294159,-102.83689117,6.95,-4.43,1.41,2,-60.40545654,-60.10502243,-55.85334396,-60.22793961,-101.95271301,-102.84843445,-101.27294159,-102.83689117
2026-05-21T08:41:19.738527,-20.934805,55.28929167,-20.93479583,55.28937051,7.0,-4.42,1.41,3,-115.77428436,-118.94420624,-115.25249481,-117.17800903,-102.84262848,-102.69835663,-101.17116547,-103.39115143,7.0,-4.42,1.41,3,-115.77428436,-118.94420624,-115.25249481,-117.17800903,-102.84262848,-102.69835663,-101.17116547,-103.39115143
2026-05-21T08:41:20.777830,-20.934805,55.28929167,-20.93479625,55.2893707,7.02,-4.4,1.41,2,-60.75402451,-61.08870697,-55.92721939,-60.28134537,-102.5219574,-103.24260712,-101.28492737,-103.68768311,7.02,-4.4,1.41,2,-60.75402451,-61.08870697,-55.92721939,-60.28134537,-102.5219574,-103.24260712,-101.28492737,-103.68768311
2026-05-21T08:41:21.816148,-20.934805,55.28929167,-20.93479646,55.28937083,7.06,-4.41,1.36,2,-60.03783417,-60.80973816,-55.95389557,-60.67046738,-89.89845276,-93.89245605,-92.44651031,-92.14093018,7.06,-4.41,1.36,2,-60.03783417,-60.80973816,-55.95389557,-60.67046738,-89.89845276,-93.89245605,-92.44651031,-92.14093018
2026-05-21T08:41:22.865879,-20.934805,55.28929167,-20.93479664,55.28937091,7.06,-4.41,1.36,2,-59.94215012,-61.17466354,-58.26828003,-62.22974396,-101.98616028,-101.28444672,-100.98191833,-103.34677124,7.06,-4.41,1.36,2,-59.94215012,-61.17466354,-58.26828003,-62.22974396,-101.98616028,-101.28444672,-100.98191833,-103.34677124
2026-05-21T08:41:23.935364,-20.934805,55.28929167,-20.93479432,55.28937011,6.72,-4.76,1.27,2,-59.30500031,-60.32468414,-57.49006653,-58.39982605,-97.12934113,-96.80158997,-97.90409088,-97.35182953,6.72,-4.76,1.27,2,-59.30500031,-60.32468414,-57.49006653,-58.39982605,-97.12934113,-96.80158997,-97.90409088,-97.35182953
2026-05-21T08:41:24.987457,-20.934805,55.28929167,-20.93479452,55.28937013,6.69,-4.8,1.27,2,-59.58086777,-61.68625259,-56.21159744,-61.77383804,-102.10675049,-102.4103241,-101.83323669,-102.26944733,6.69,-4.8,1.27,2,-59.58086777,-61.68625259,-56.21159744,-61.77383804,-102.10675049,-102.4103241,-101.83323669,-102.26944733
2026-05-21T08:41:26.045550,-20.934805,55.28929167,-20.93479483,55.28937031,6.71,-4.86,1.22,2,-62.15813828,-60.17217255,-56.39430237,-60.73281097,-102.63166809,-103.68874359,-102.06082153,-100.75814819,6.71,-4.86,1.22,2,-62.15813828,-60.17217255,-56.39430237,-60.73281097,-102.63166809,-103.68874359,-102.06082153,-100.75814819
2026-05-21T08:41:27.130153,-20.934805,55.28929167,-20.93479458,55.28937057,6.74,-4.89,1.17,2,-59.81628036,-59.76651001,-55.86167526,-61.16546631,-101.1502533,-101.80602264,-99.48995972,-101.61965179,6.74,-4.89,1.17,2,-59.81628036,-59.76651001,-55.86167526,-61.16546631,-101.1502533,-101.80602264,-99.48995972,-101.61965179
2026-05-21T08:41:28.217784,-20.934805,55.28929167,-20.93479321,55.28937039,6.74,-4.89,1.17,2,-59.90913773,-60.0941658,-56.11724472,-59.71421432,-97.72034454,-94.22097778,-95.74654388,-92.34018707,6.74,-4.89,1.17,2,-59.90913773,-60.0941658,-56.11724472,-59.71421432,-97.72034454,-94.22097778,-95.74654388,-92.34018707
2026-05-21T08:41:29.267740,-20.93480667,55.28929167,-20.93479246,55.28937,6.7,-4.87,1.17,2,-59.85606766,-59.78160095,-56.1437149,-60.69046402,-99.56512451,-99.34701538,-99.01313782,-100.0064621,6.7,-4.87,1.17,2,-59.85606766,-59.78160095,-56.1437149,-60.69046402,-99.56512451,-99.34701538,-99.01313782,-100.0064621
2026-05-21T08:41:30.342826,-20.93480667,55.28929167,-20.93479218,55.28936992,6.87,-4.71,1.59,2,-61.58303452,-59.95502472,-55.81915283,-59.46353912,-86.47357941,-91.18336487,-92.18082428,-91.30754089,6.87,-4.71,1.59,2,-61.58303452,-59.95502472,-55.81915283,-59.46353912,-86.47357941,-91.18336487,-92.18082428,-91.30754089
2026-05-21T08:41:31.442788,-20.93480667,55.28929167,-20.93479211,55.2893702,6.98,-4.64,1.55,2,-60.44197845,-61.8155632,-55.73461151,-60.99162292,-101.25032043,-101.48231506,-97.10166931,-98.58925629,6.98,-4.64,1.55,2,-60.44197845,-61.8155632,-55.73461151,-60.99162292,-101.25032043,-101.48231506,-97.10166931,-98.58925629
2026-05-21T08:41:32.501192,-20.93480667,55.28929167,-20.93479194,55.28937098,7.2,-4.48,1.27,3,-60.46215439,-60.52665329,-56.7780838,-58.97838211,-102.33760834,-103.1006546,-102.04486084,-103.23613739,7.2,-4.48,1.27,3,-60.46215439,-60.52665329,-56.7780838,-58.97838211,-102.33760834,-103.1006546,-102.04486084,-103.23613739
2026-05-21T08:41:33.546230,-20.93480667,55.28929167,-20.93484443,55.28934974,8.92,1.59,1.27,2,-59.41815567,-61.45186234,-56.7152977,-59.81654739,-102.00696564,-103.17632294,-101.277565,-102.77393341,8.92,1.59,1.27,2,-59.41815567,-61.45186234,-56.7152977,-59.81654739,-102.00696564,-103.17632294,-101.277565,-102.77393341
2026-05-21T08:41:34.632448,-20.93485333,55.28934667,-20.93487285,55.28935541,7.99,3.34,1.22,3,-59.71617126,-60.61436844,-56.95981216,-58.54697037,-102.534729,-102.85202026,-101.6714325,-102.98308563,7.99,3.34,1.22,3,-59.71617126,-60.61436844,-56.95981216,-58.54697037,-102.534729,-102.85202026,-101.6714325,-102.98308563
2026-05-21T08:41:35.710236,-20.93480833,55.28929167,-20.9348691,55.28935179,7.46,4.08,1.36,2,-59.72981644,-62.52264404,-58.32778931,-59.05221176,-103.13299561,-103.09408569,-101.60809326,-103.63803101,7.46,4.08,1.36,2,-59.72981644,-62.52264404,-58.32778931,-59.05221176,-103.13299561,-103.09408569,-101.60809326,-103.63803101
2026-05-21T08:41:36.751158,-20.93480833,55.28929167,-20.9348691,55.28935179,7.46,4.08,1.36,4,-110.1427002,-111.82122803,-110.83803558,-113.75759888,-98.96707153,-100.32643127,-98.93077087,-99.41959381,7.46,4.08,1.36,4,-110.1427002,-111.82122803,-110.83803558,-113.75759888,-98.96707153,-100.32643127,-98.93077087,-99.41959381
2026-05-21T08:41:37.835766,-20.93480833,55.28929167,-20.93486845,55.28934832,7.27,4.37,1.36,3,-60.27912903,-62.6190033,-57.12686539,-58.86400986,-97.66905975,-98.73828125,-96.820755,-97.20275879,7.27,4.37,1.36,3,-60.27912903,-62.6190033,-57.12686539,-58.86400986,-97.66905975,-98.73828125,-96.820755,-97.20275879
2026-05-21T08:41:38.890030,-20.93480833,55.28929333,-20.93486711,55.28934722,7.21,4.38,1.27,3,-60.34011841,-61.41453934,-55.94485092,-59.27971649,-102.29718781,-103.06954193,-102.0748291,-102.98648834,7.21,4.38,1.27,3,-60.34011841,-61.41453934,-55.94485092,-59.27971649,-102.29718781,-103.06954193,-102.0748291,-102.98648834
